year,period,day_count,missing_day_count,complete,gdd5_degree_days,frost_free_run_days,precipitation_mm
1995,baseline,365,0,True,28.65,30,405.8
1996,baseline,366,0,True,7.55,26,567.8
1997,baseline,365,0,True,7.0,34,441.0
1998,baseline,365,0,True,52.4,47,434.5
1999,baseline,365,0,True,7.85,30,517.8
2000,baseline,366,0,True,3.1,36,467.0
2001,baseline,365,0,True,9.8,39,496.1
2002,baseline,365,0,True,1.4,24,452.6
2003,baseline,365,0,True,50.9,44,516.1
2004,baseline,366,0,True,2.7,45,509.2
2005,baseline,365,0,True,24.65,30,392.1
2006,baseline,365,0,True,21.5,56,545.1
2007,baseline,365,0,True,15.9,65,601.9
2008,baseline,366,0,True,3.05,30,532.8
2009,baseline,365,0,True,2.65,27,523.6
2010,baseline,365,0,True,1.1,28,555.7
2011,baseline,365,0,True,31.0,43,517.9
2012,baseline,366,0,True,21.3,65,531.7
2013,baseline,365,0,True,28.9,44,460.4
2014,baseline,365,0,True,37.2,48,457.0
2030,future,365,0,True,51.3,59,553.5
2031,future,365,0,True,37.4,52,508.8
2032,future,366,0,True,40.55,61,528.7
2033,future,365,0,True,24.1,55,460.6
2034,future,365,0,True,28.4,30,553.4
2035,future,365,0,True,27.95,48,598.7
2036,future,366,0,True,29.75,70,552.7
2037,future,365,0,True,25.25,64,519.2
2038,future,365,0,True,15.35,58,626.1
2039,future,365,0,True,40.9,70,351.6
2040,future,366,0,True,38.2,67,624.6
2041,future,365,0,True,55.0,80,644.9
2042,future,365,0,True,60.3,91,398.1
2043,future,365,0,True,89.25,79,731.1
2044,future,366,0,True,20.35,84,835.0
2045,future,365,0,True,24.3,67,591.4
2046,future,365,0,True,115.75,95,549.9
2047,future,365,0,True,38.65,84,561.6
2048,future,366,0,True,71.4,79,614.7
2049,future,365,0,True,128.7,101,632.3
