date,scenario,tmin_c,tmax_c,precipitation_mm
2035-01-01 12:00:00,ssp245,-8.075775,-3.265503,1.4905928
2035-01-02 12:00:00,ssp245,-11.950897,-3.3083496,0.045563836
2035-01-03 12:00:00,ssp245,-14.650574,-8.697998,1.0901154
2035-01-04 12:00:00,ssp245,-15.016907,-13.176636,1.1523405
2035-01-05 12:00:00,ssp245,-17.810654,-12.808746,0.0
2035-01-06 12:00:00,ssp245,-19.36766,-14.690338,0.0
2035-01-07 12:00:00,ssp245,-19.088074,-15.894775,0.0
2035-01-08 12:00:00,ssp245,-16.294525,-14.21817,0.0
2035-01-09 12:00:00,ssp245,-17.786926,-7.6440125,0.7684812
2035-01-10 12:00:00,ssp245,-10.3802185,-2.7408752,2.7697537
2035-01-11 12:00:00,ssp245,-3.6609802,-2.2911072,1.6323116
2035-01-12 12:00:00,ssp245,-5.0950623,-2.6349487,1.9569361
2035-01-13 12:00:00,ssp245,-6.356018,-3.5186157,2.4962285
2035-01-14 12:00:00,ssp245,-8.974396,0.46255493,5.8789268
2035-01-15 12:00:00,ssp245,-4.041626,0.42071533,1.3093203
2035-01-16 12:00:00,ssp245,-5.692383,-0.9913025,0.52474624
2035-01-17 12:00:00,ssp245,-13.712097,-3.403839,0.0
2035-01-18 12:00:00,ssp245,-14.597687,-10.420532,0.0
2035-01-19 12:00:00,ssp245,-15.19809,-12.93045,0.0
2035-01-20 12:00:00,ssp245,-15.464386,-10.149078,0.4024255
2035-01-21 12:00:00,ssp245,-11.892395,-8.200745,0.0
2035-01-22 12:00:00,ssp245,-9.822601,-4.263275,0.011669056
2035-01-23 12:00:00,ssp245,-13.712402,-4.2917786,0.0
2035-01-24 12:00:00,ssp245,-21.602493,-11.362427,0.0
2035-01-25 12:00:00,ssp245,-22.840546,-18.431854,0.0
2035-01-26 12:00:00,ssp245,-22.004547,-20.336685,0.0
2035-01-27 12:00:00,ssp245,-21.569,-19.934204,0.0
2035-01-28 12:00:00,ssp245,-22.127258,-16.451569,1.0034722
2035-01-29 12:00:00,ssp245,-19.944702,-4.4382935,4.747411
2035-01-30 12:00:00,ssp245,-7.6197815,-1.3145752,1.6093401
2035-01-31 12:00:00,ssp245,-9.153381,0.24142456,3.3399959
2035-02-01 12:00:00,ssp245,-5.7366333,1.1213989,2.00979
2035-02-02 12:00:00,ssp245,-6.1365356,0.44754028,1.8459663
2035-02-03 12:00:00,ssp245,-8.106049,-1.5798035,1.0446261
2035-02-04 12:00:00,ssp245,-13.9104,-3.9369202,0.05648743
2035-02-05 12:00:00,ssp245,-14.358765,-9.933411,0.0
2035-02-06 12:00:00,ssp245,-13.9322815,-12.513092,0.7467796
2035-02-07 12:00:00,ssp245,-13.948608,-11.468964,0.25894746
2035-02-08 12:00:00,ssp245,-12.429291,-10.323059,0.5808061
2035-02-09 12:00:00,ssp245,-16.272034,-10.28772,0.83683956
2035-02-10 12:00:00,ssp245,-15.034332,-8.1814575,0.47019985
2035-02-11 12:00:00,ssp245,-10.681366,-5.2756653,0.79835963
2035-02-12 12:00:00,ssp245,-7.426239,-3.6949158,2.5913186
2035-02-13 12:00:00,ssp245,-6.705078,-3.5673218,1.4820391
2035-02-14 12:00:00,ssp245,-9.773773,-4.747864,0.025375105
2035-02-15 12:00:00,ssp245,-10.0824585,-6.332062,1.1076167
2035-02-16 12:00:00,ssp245,-11.38382,-6.612488,0.03419082
2035-02-17 12:00:00,ssp245,-16.69458,-8.817108,0.0
2035-02-18 12:00:00,ssp245,-15.998108,-8.354858,0.0
2035-02-19 12:00:00,ssp245,-9.912933,-7.3634644,0.11092065
2035-02-20 12:00:00,ssp245,-13.625671,-8.038696,0.0
2035-02-21 12:00:00,ssp245,-12.603638,-10.136505,1.6288584
2035-02-22 12:00:00,ssp245,-12.080078,-8.381226,1.3246326
2035-02-23 12:00:00,ssp245,-13.122284,-9.073669,0.4892791
2035-02-24 12:00:00,ssp245,-15.093475,-10.734314,0.0
2035-02-25 12:00:00,ssp245,-15.770782,-10.709869,1.2089344
2035-02-26 12:00:00,ssp245,-12.64682,-9.866333,0.5505436
2035-02-27 12:00:00,ssp245,-11.638519,-9.263947,1.396571
2035-02-28 12:00:00,ssp245,-11.643707,-7.290558,2.4224539
2035-03-01 12:00:00,ssp245,-9.910095,-7.1502075,0.22780335
2035-03-02 12:00:00,ssp245,-10.068909,-6.95282,0.33091816
2035-03-03 12:00:00,ssp245,-10.8298645,-4.7526855,3.5630264
2035-03-04 12:00:00,ssp245,-14.290955,-5.5899353,1.0633295
2035-03-05 12:00:00,ssp245,-18.774551,-8.776276,1.1922052
2035-03-06 12:00:00,ssp245,-23.502365,-17.53009,0.0
2035-03-07 12:00:00,ssp245,-24.894913,-22.080536,0.0
2035-03-08 12:00:00,ssp245,-25.330383,-23.331375,0.0
2035-03-09 12:00:00,ssp245,-25.11728,-23.35704,0.0
2035-03-10 12:00:00,ssp245,-24.640808,-23.076096,0.0
2035-03-11 12:00:00,ssp245,-24.997314,-22.687943,0.0
2035-03-12 12:00:00,ssp245,-25.92044,-24.073212,0.0
2035-03-13 12:00:00,ssp245,-25.75496,-24.20021,0.0
2035-03-14 12:00:00,ssp245,-25.45288,-18.980408,0.6653233
2035-03-15 12:00:00,ssp245,-19.6604,-11.501251,2.035947
2035-03-16 12:00:00,ssp245,-17.73027,-8.24881,1.7464001
2035-03-17 12:00:00,ssp245,-16.838196,-12.906738,0.42392656
2035-03-18 12:00:00,ssp245,-24.291565,-14.551727,0.0
2035-03-19 12:00:00,ssp245,-26.412506,-10.199707,3.0782328
2035-03-20 12:00:00,ssp245,-15.647369,-3.7174377,1.2023157
2035-03-21 12:00:00,ssp245,-11.5677185,-0.39346313,10.854633
2035-03-22 12:00:00,ssp245,-15.045319,-0.38671875,3.2920027
2035-03-23 12:00:00,ssp245,-9.76651,-4.508148,3.0531127
2035-03-24 12:00:00,ssp245,-7.51355,-3.8056946,0.0
2035-03-25 12:00:00,ssp245,-9.261627,-5.2562866,0.04654079
2035-03-26 12:00:00,ssp245,-10.477539,-6.2165527,0.8438538
2035-03-27 12:00:00,ssp245,-24.234543,-8.00235,0.10530144
2035-03-28 12:00:00,ssp245,-25.333939,-12.161255,0.01770075
2035-03-29 12:00:00,ssp245,-18.903122,-11.680847,0.019141637
2035-03-30 12:00:00,ssp245,-19.98648,-15.020477,0.0
2035-03-31 12:00:00,ssp245,-22.035522,-15.96582,0.0
2035-04-01 12:00:00,ssp245,-22.932968,-12.094238,0.0
2035-04-02 12:00:00,ssp245,-15.847504,-9.664215,0.030829499
2035-04-03 12:00:00,ssp245,-13.173859,-5.6345215,0.7444246
2035-04-04 12:00:00,ssp245,-25.936432,-11.625793,0.0
2035-04-05 12:00:00,ssp245,-25.120651,-17.991165,0.0
2035-04-06 12:00:00,ssp245,-25.396194,-19.154266,0.0
2035-04-07 12:00:00,ssp245,-25.947205,-17.74556,0.0
2035-04-08 12:00:00,ssp245,-26.705154,-14.746521,1.4283655
2035-04-09 12:00:00,ssp245,-16.62918,-12.701874,1.9271986
2035-04-10 12:00:00,ssp245,-17.766937,-11.083496,0.18170652
2035-04-11 12:00:00,ssp245,-17.050842,-9.640045,0.23471405
2035-04-12 12:00:00,ssp245,-18.906845,-10.75412,0.28716853
2035-04-13 12:00:00,ssp245,-20.0439,-11.606781,0.002865644
2035-04-14 12:00:00,ssp245,-17.55539,-9.731018,1.3882711
2035-04-15 12:00:00,ssp245,-14.1185,-4.3648987,1.1228343
2035-04-16 12:00:00,ssp245,-5.51178,-1.5383606,5.788577
2035-04-17 12:00:00,ssp245,-5.475281,-1.4439392,3.5433593
2035-04-18 12:00:00,ssp245,-16.681976,-3.8575745,2.9920084
2035-04-19 12:00:00,ssp245,-20.545517,-14.659241,0.0070408816
2035-04-20 12:00:00,ssp245,-21.794678,-14.217041,0.0
2035-04-21 12:00:00,ssp245,-21.13356,-10.756378,0.0
2035-04-22 12:00:00,ssp245,-19.027374,-13.709351,0.0
2035-04-23 12:00:00,ssp245,-18.013336,-13.11438,0.21212514
2035-04-24 12:00:00,ssp245,-17.821732,-12.223846,1.199983
2035-04-25 12:00:00,ssp245,-19.599869,-13.012299,0.0
2035-04-26 12:00:00,ssp245,-19.737122,-11.053436,0.0
2035-04-27 12:00:00,ssp245,-17.205826,-10.74408,0.0
2035-04-28 12:00:00,ssp245,-19.541824,-11.826141,0.0
2035-04-29 12:00:00,ssp245,-20.003357,-13.906433,0.0
2035-04-30 12:00:00,ssp245,-20.995636,-10.361267,0.0
2035-05-01 12:00:00,ssp245,-12.288757,-7.3468323,1.0748863
2035-05-02 12:00:00,ssp245,-10.585236,-7.216614,2.520178
2035-05-03 12:00:00,ssp245,-10.587189,-7.2914734,1.108711
2035-05-04 12:00:00,ssp245,-10.5868225,-6.5872498,0.97539157
2035-05-05 12:00:00,ssp245,-8.961243,-5.6473694,0.060792655
2035-05-06 12:00:00,ssp245,-12.378204,-7.426483,0.0
2035-05-07 12:00:00,ssp245,-13.153412,-0.5483093,4.0347905
2035-05-08 12:00:00,ssp245,-8.022858,-0.5218506,5.130131
2035-05-09 12:00:00,ssp245,-9.501526,-4.8648376,0.0
2035-05-10 12:00:00,ssp245,-9.380066,-5.4619446,0.0
2035-05-11 12:00:00,ssp245,-10.6188965,-6.288727,0.0
2035-05-12 12:00:00,ssp245,-8.986725,-5.698059,0.0
2035-05-13 12:00:00,ssp245,-7.4028015,-2.8131104,0.0
2035-05-14 12:00:00,ssp245,-5.354248,-2.8575745,0.0
2035-05-15 12:00:00,ssp245,-5.057068,-3.6758118,0.0
2035-05-16 12:00:00,ssp245,-5.9982605,-2.916504,0.0
2035-05-17 12:00:00,ssp245,-4.972473,-2.0586548,0.24723794
2035-05-18 12:00:00,ssp245,-4.278473,-1.8350525,1.2531527
2035-05-19 12:00:00,ssp245,-4.5144653,-0.83673096,0.6969272
2035-05-20 12:00:00,ssp245,-6.8301086,-2.0115967,0.0
2035-05-21 12:00:00,ssp245,-6.902252,-3.0813904,0.0
2035-05-22 12:00:00,ssp245,-5.522217,-3.0726624,0.0
2035-05-23 12:00:00,ssp245,-6.105316,-3.623413,0.036034804
2035-05-24 12:00:00,ssp245,-6.7551575,-4.068939,0.11090027
2035-05-25 12:00:00,ssp245,-7.380371,-4.0680847,0.73109305
2035-05-26 12:00:00,ssp245,-7.6395264,-4.916626,0.1705462
2035-05-27 12:00:00,ssp245,-7.079651,-3.326233,0.0
2035-05-28 12:00:00,ssp245,-6.522583,-1.906311,1.5665514
2035-05-29 12:00:00,ssp245,-3.953308,1.5700989,5.3119206
2035-05-30 12:00:00,ssp245,-2.6336365,-0.05999756,0.004661712
2035-05-31 12:00:00,ssp245,-2.2262268,0.34622192,0.0
2035-06-01 12:00:00,ssp245,-4.0765686,-0.75231934,5.168379
2035-06-02 12:00:00,ssp245,-2.8686829,-0.13009644,1.6968476
2035-06-03 12:00:00,ssp245,-3.9611206,-0.19250488,4.9416704
2035-06-04 12:00:00,ssp245,-4.019348,-0.7843323,4.5868506
2035-06-05 12:00:00,ssp245,-2.4060059,1.0798645,2.7894366
2035-06-06 12:00:00,ssp245,-2.2292175,1.7502136,6.0986423
2035-06-07 12:00:00,ssp245,0.8800354,2.1529846,0.0
2035-06-08 12:00:00,ssp245,-3.1411133,1.9525452,0.0
2035-06-09 12:00:00,ssp245,-3.6466675,0.089416504,0.0
2035-06-10 12:00:00,ssp245,-1.5502014,2.5258484,0.009947332
2035-06-11 12:00:00,ssp245,0.75408936,2.6794128,1.6628674
2035-06-12 12:00:00,ssp245,0.26519775,2.2869263,0.69932204
2035-06-13 12:00:00,ssp245,-0.15213013,2.052246,0.0
2035-06-14 12:00:00,ssp245,-0.88098145,2.794098,0.0
2035-06-15 12:00:00,ssp245,0.006439209,3.0567627,0.0
2035-06-16 12:00:00,ssp245,-1.4472351,4.1687927,0.16373944
2035-06-17 12:00:00,ssp245,-0.83950806,2.3049927,6.311282
2035-06-18 12:00:00,ssp245,-1.3106995,2.3848267,0.48215133
2035-06-19 12:00:00,ssp245,-0.30734253,2.9639587,0.6200409
2035-06-20 12:00:00,ssp245,-0.5422363,3.142212,0.049293123
2035-06-21 12:00:00,ssp245,-1.2115173,2.5820007,0.115907654
2035-06-22 12:00:00,ssp245,-1.0947571,2.5525818,0.1195208
2035-06-23 12:00:00,ssp245,-1.7060852,1.2884216,1.313927
2035-06-24 12:00:00,ssp245,-1.684845,2.3539429,1.6748794
2035-06-25 12:00:00,ssp245,-0.5445862,2.9105225,0.5783721
2035-06-26 12:00:00,ssp245,-0.64682007,4.8870544,0.0050714524
2035-06-27 12:00:00,ssp245,-0.43893433,4.3701477,5.574723
2035-06-28 12:00:00,ssp245,-0.6039429,4.3301697,2.241079
2035-06-29 12:00:00,ssp245,1.1372986,3.9277039,0.004455615
2035-06-30 12:00:00,ssp245,1.0252991,4.037262,0.02272788
2035-07-01 12:00:00,ssp245,0.38674927,4.6753235,1.4847001
2035-07-02 12:00:00,ssp245,-0.5838928,1.7280884,1.2661337
2035-07-03 12:00:00,ssp245,-1.6557312,0.5400696,2.3530746
2035-07-04 12:00:00,ssp245,-0.6253357,4.137787,0.012434314
2035-07-05 12:00:00,ssp245,1.1624451,5.111206,1.0028279
2035-07-06 12:00:00,ssp245,0.16784668,3.7906494,0.4354258
2035-07-07 12:00:00,ssp245,-0.3769226,1.2263184,0.0
2035-07-08 12:00:00,ssp245,-0.7915039,2.3843384,0.0
2035-07-09 12:00:00,ssp245,0.4425354,2.9320984,0.0
2035-07-10 12:00:00,ssp245,0.84298706,5.381317,0.0
2035-07-11 12:00:00,ssp245,2.4233398,6.2966003,0.004449555
2035-07-12 12:00:00,ssp245,2.524353,6.0920105,0.021526817
2035-07-13 12:00:00,ssp245,2.378479,7.4763794,0.008806456
2035-07-14 12:00:00,ssp245,2.9837341,7.1970215,0.0
2035-07-15 12:00:00,ssp245,2.7843933,7.0112305,0.0
2035-07-16 12:00:00,ssp245,3.5158386,6.7312927,0.07166161
2035-07-17 12:00:00,ssp245,3.0715027,6.7135315,0.0
2035-07-18 12:00:00,ssp245,3.8130188,7.4719543,0.10834216
2035-07-19 12:00:00,ssp245,2.7314453,7.071686,1.1548557
2035-07-20 12:00:00,ssp245,3.4512024,5.6325684,0.14141487
2035-07-21 12:00:00,ssp245,2.809906,5.9674377,0.0
2035-07-22 12:00:00,ssp245,2.1532898,6.1966248,1.344648
2035-07-23 12:00:00,ssp245,1.3480225,8.018799,1.3655019
2035-07-24 12:00:00,ssp245,4.4818115,7.6079407,2.1058686
2035-07-25 12:00:00,ssp245,5.758606,8.4279175,1.1305662
2035-07-26 12:00:00,ssp245,6.1683044,9.377899,6.1344934
2035-07-27 12:00:00,ssp245,7.412384,9.082275,0.61340934
2035-07-28 12:00:00,ssp245,6.7995605,8.676788,0.0
2035-07-29 12:00:00,ssp245,5.435791,8.780426,0.0
2035-07-30 12:00:00,ssp245,6.268036,10.167877,4.3170056
2035-07-31 12:00:00,ssp245,5.857849,9.575439,7.359899
2035-08-01 12:00:00,ssp245,5.2675476,9.040863,1.1192992
2035-08-02 12:00:00,ssp245,5.0362854,8.481628,3.5384655
2035-08-03 12:00:00,ssp245,6.5278015,8.511993,1.8928155
2035-08-04 12:00:00,ssp245,4.244171,7.818817,17.716805
2035-08-05 12:00:00,ssp245,4.048889,7.9671326,0.0
2035-08-06 12:00:00,ssp245,4.0801697,8.149567,0.4976275
2035-08-07 12:00:00,ssp245,3.9829102,7.371399,0.29468688
2035-08-08 12:00:00,ssp245,5.0159607,7.679291,0.8826236
2035-08-09 12:00:00,ssp245,3.5943298,7.3976135,0.0
2035-08-10 12:00:00,ssp245,4.599518,7.8792725,0.0
2035-08-11 12:00:00,ssp245,4.369171,7.448517,0.20512673
2035-08-12 12:00:00,ssp245,5.639923,8.214264,29.314192
2035-08-13 12:00:00,ssp245,5.415558,8.421478,23.692492
2035-08-14 12:00:00,ssp245,5.5635986,7.857666,28.3797
2035-08-15 12:00:00,ssp245,3.0191345,7.279999,7.932448
2035-08-16 12:00:00,ssp245,3.5310364,5.563141,11.735019
2035-08-17 12:00:00,ssp245,2.5734863,6.316986,3.690971
2035-08-18 12:00:00,ssp245,3.3509216,6.9952393,0.12602124
2035-08-19 12:00:00,ssp245,3.923645,6.5693665,4.1841183
2035-08-20 12:00:00,ssp245,3.8933716,6.12796,8.16398
2035-08-21 12:00:00,ssp245,1.3016968,7.281769,0.9081699
2035-08-22 12:00:00,ssp245,1.5180969,5.47818,11.986042
2035-08-23 12:00:00,ssp245,-1.4830017,4.471344,35.081768
2035-08-24 12:00:00,ssp245,-1.7808533,-0.49594116,8.769535
2035-08-25 12:00:00,ssp245,-2.083374,-0.7850647,0.23656286
2035-08-26 12:00:00,ssp245,-1.8952332,-0.0021972656,2.596011
2035-08-27 12:00:00,ssp245,-1.4040527,0.92056274,0.0
2035-08-28 12:00:00,ssp245,-3.8964539,0.7920227,0.0
2035-08-29 12:00:00,ssp245,-4.0681763,-0.10107422,0.90780866
2035-08-30 12:00:00,ssp245,-2.0183716,3.759369,0.0
2035-08-31 12:00:00,ssp245,1.1953735,4.3309937,0.0
2035-09-01 12:00:00,ssp245,0.7632446,3.057495,3.24299
2035-09-02 12:00:00,ssp245,0.32580566,3.5202942,0.0
2035-09-03 12:00:00,ssp245,1.5840149,4.017273,0.0
2035-09-04 12:00:00,ssp245,0.35742188,4.2080994,0.0
2035-09-05 12:00:00,ssp245,2.0343933,4.400482,0.0
2035-09-06 12:00:00,ssp245,0.57229614,3.2769775,0.0
2035-09-07 12:00:00,ssp245,-0.10281372,1.6878662,0.0
2035-09-08 12:00:00,ssp245,-1.3885193,0.54940796,0.022286609
2035-09-09 12:00:00,ssp245,-1.5840149,0.5252991,0.0
2035-09-10 12:00:00,ssp245,-3.3791199,0.21792603,0.0
2035-09-11 12:00:00,ssp245,-3.1128845,0.18811035,0.0
2035-09-12 12:00:00,ssp245,-0.8171387,0.32138062,0.0
2035-09-13 12:00:00,ssp245,-0.49414062,1.7474976,0.07846602
2035-09-14 12:00:00,ssp245,0.4230957,1.6627197,1.5451833
2035-09-15 12:00:00,ssp245,-0.12875366,1.3609619,0.0
2035-09-16 12:00:00,ssp245,-2.000946,0.792511,1.5953292
2035-09-17 12:00:00,ssp245,-1.1400757,0.056427002,0.0
2035-09-18 12:00:00,ssp245,-1.8591614,-0.15414429,0.0
2035-09-19 12:00:00,ssp245,-3.081604,0.16543579,0.0
2035-09-20 12:00:00,ssp245,-3.335907,0.34552002,0.0
2035-09-21 12:00:00,ssp245,-2.1845703,-0.16677856,0.0
2035-09-22 12:00:00,ssp245,-2.8036194,-0.17022705,0.0
2035-09-23 12:00:00,ssp245,-1.79953,1.5896912,0.7563819
2035-09-24 12:00:00,ssp245,-3.0665588,1.2095337,1.1178509
2035-09-25 12:00:00,ssp245,-2.172821,-0.06942749,0.75935125
2035-09-26 12:00:00,ssp245,-5.7463684,-0.2843628,0.0
2035-09-27 12:00:00,ssp245,-6.4967346,-3.0112,0.0
2035-09-28 12:00:00,ssp245,-5.8334045,-3.4398193,0.047790773
2035-09-29 12:00:00,ssp245,-6.829773,-1.613678,0.49599853
2035-09-30 12:00:00,ssp245,-3.280487,0.5557251,4.2782145
2035-10-01 12:00:00,ssp245,0.47711182,2.4501038,2.4906955
2035-10-02 12:00:00,ssp245,0.24078369,2.5697327,1.2316738
2035-10-03 12:00:00,ssp245,-1.1739197,1.2253113,0.0
2035-10-04 12:00:00,ssp245,-4.42276,0.6170044,0.0
2035-10-05 12:00:00,ssp245,-5.0187073,-1.8327026,0.0
2035-10-06 12:00:00,ssp245,-3.5495605,-2.2181396,0.20008223
2035-10-07 12:00:00,ssp245,-4.596527,-2.1908264,0.0
2035-10-08 12:00:00,ssp245,-6.167572,-0.5334778,1.0535519
2035-10-09 12:00:00,ssp245,-1.6121826,0.12643433,1.9377
2035-10-10 12:00:00,ssp245,-3.2932434,-0.99157715,0.69168884
2035-10-11 12:00:00,ssp245,-3.3120422,-2.1709595,0.22377379
2035-10-12 12:00:00,ssp245,-3.6029968,-2.4170227,0.27647984
2035-10-13 12:00:00,ssp245,-4.1178284,-0.7391052,0.5174176
2035-10-14 12:00:00,ssp245,-2.1224976,-0.8965759,0.5097053
2035-10-15 12:00:00,ssp245,-2.2833252,-0.75387573,1.788375
2035-10-16 12:00:00,ssp245,-2.2167053,0.04248047,1.7718128
2035-10-17 12:00:00,ssp245,-2.5476074,0.15161133,1.0347427
2035-10-18 12:00:00,ssp245,-0.5769348,0.74227905,2.5258281
2035-10-19 12:00:00,ssp245,-0.022827148,1.1280823,3.3719196
2035-10-20 12:00:00,ssp245,-1.379242,1.1937866,2.4583788
2035-10-21 12:00:00,ssp245,-7.180237,0.0011901855,0.0
2035-10-22 12:00:00,ssp245,-10.0876465,-3.4218445,0.0
2035-10-23 12:00:00,ssp245,-10.1502075,-3.6144104,0.90726346
2035-10-24 12:00:00,ssp245,-6.911621,-0.18084717,2.3445687
2035-10-25 12:00:00,ssp245,-0.78253174,0.6770935,1.0479435
2035-10-26 12:00:00,ssp245,-2.8304443,0.7244568,0.49581292
2035-10-27 12:00:00,ssp245,-5.5212097,2.6575623,7.9935603
2035-10-28 12:00:00,ssp245,-4.063629,1.8240356,0.37334102
2035-10-29 12:00:00,ssp245,-2.3684692,0.8952942,0.05257261
2035-10-30 12:00:00,ssp245,-2.8055115,1.523346,1.4363544
2035-10-31 12:00:00,ssp245,-0.4607849,3.353485,2.7120044
2035-11-01 12:00:00,ssp245,-2.3963928,4.713562,2.8643076
2035-11-02 12:00:00,ssp245,-4.9364624,1.0549927,0.36073706
2035-11-03 12:00:00,ssp245,-6.5098267,3.2525024,5.7331834
2035-11-04 12:00:00,ssp245,-0.9953308,4.2022095,2.2739997
2035-11-05 12:00:00,ssp245,-1.2455139,2.3405151,3.6007745
2035-11-06 12:00:00,ssp245,-0.4317932,3.0604858,1.4645559
2035-11-07 12:00:00,ssp245,-0.61572266,3.4770813,4.7917166
2035-11-08 12:00:00,ssp245,0.5394592,3.1751404,3.603271
2035-11-09 12:00:00,ssp245,-6.5551147,2.0022583,0.20474102
2035-11-10 12:00:00,ssp245,-4.2147217,-1.8502502,2.9312205
2035-11-11 12:00:00,ssp245,-3.506195,-1.5464478,1.5405198
2035-11-12 12:00:00,ssp245,-6.68396,-2.2537231,0.5166503
2035-11-13 12:00:00,ssp245,-8.280609,-5.247589,0.60416293
2035-11-14 12:00:00,ssp245,-9.53067,1.460144,5.601598
2035-11-15 12:00:00,ssp245,0.21658325,2.7623596,2.9885094
2035-11-16 12:00:00,ssp245,0.21749878,3.6212769,6.4978375
2035-11-17 12:00:00,ssp245,-3.4080505,2.553131,2.583992
2035-11-18 12:00:00,ssp245,-2.0586243,1.2147522,0.98695713
2035-11-19 12:00:00,ssp245,-4.5039062,-0.545105,0.0
2035-11-20 12:00:00,ssp245,-8.951752,-3.447113,1.0422484
2035-11-21 12:00:00,ssp245,-11.696777,-6.5378113,0.16594644
2035-11-22 12:00:00,ssp245,-15.140869,1.8406677,9.20056
2035-11-23 12:00:00,ssp245,-1.9663696,1.8504639,6.46921
2035-11-24 12:00:00,ssp245,-2.5248413,0.449646,6.2379127
2035-11-25 12:00:00,ssp245,-4.1808777,-1.0217896,1.9128624
2035-11-26 12:00:00,ssp245,-9.510956,-2.9607239,2.0656924
2035-11-27 12:00:00,ssp245,-15.057861,-7.1752014,0.0
2035-11-28 12:00:00,ssp245,-15.337799,-6.5245667,0.0
2035-11-29 12:00:00,ssp245,-8.667908,-2.4078674,1.3527915
2035-11-30 12:00:00,ssp245,-2.7667542,-0.9996033,1.6072097
2035-12-01 12:00:00,ssp245,-3.8727112,0.8796692,3.2995813
2035-12-02 12:00:00,ssp245,-0.9454651,1.820282,2.9654083
2035-12-03 12:00:00,ssp245,-1.7865295,1.7250671,2.2486303
2035-12-04 12:00:00,ssp245,-0.67541504,0.5815735,2.9123714
2035-12-05 12:00:00,ssp245,-2.2833252,1.8221436,4.453958
2035-12-06 12:00:00,ssp245,0.60183716,1.956665,3.3449707
2035-12-07 12:00:00,ssp245,-0.037628174,1.9109192,2.0817294
2035-12-08 12:00:00,ssp245,-0.052764893,1.518219,2.869888
2035-12-09 12:00:00,ssp245,0.45306396,1.1941833,4.8386517
2035-12-10 12:00:00,ssp245,0.37643433,1.4219666,3.1692688
2035-12-11 12:00:00,ssp245,-2.7601929,1.3322754,1.2348413
2035-12-12 12:00:00,ssp245,-9.77005,-0.122924805,0.10089985
2035-12-13 12:00:00,ssp245,-9.299255,-5.2868958,0.0
2035-12-14 12:00:00,ssp245,-9.936859,-4.9888306,0.7029897
2035-12-15 12:00:00,ssp245,-5.6833496,-3.4925537,1.1323607
2035-12-16 12:00:00,ssp245,-9.464844,-4.6086426,0.44110152
2035-12-17 12:00:00,ssp245,-15.260773,-7.9725037,0.0
2035-12-18 12:00:00,ssp245,-15.835724,-12.084717,0.3111274
2035-12-19 12:00:00,ssp245,-14.207611,-11.203674,0.35182437
2035-12-20 12:00:00,ssp245,-13.357666,-11.663452,0.0
2035-12-21 12:00:00,ssp245,-14.241699,-9.272766,0.7564832
2035-12-22 12:00:00,ssp245,-10.52063,-8.446594,0.47096086
2035-12-23 12:00:00,ssp245,-9.742035,-7.8940735,0.4598081
2035-12-24 12:00:00,ssp245,-13.701508,-9.345367,0.121262796
2035-12-25 12:00:00,ssp245,-17.566238,-11.88031,0.46431202
2035-12-26 12:00:00,ssp245,-16.96701,-14.237152,0.0
2035-12-27 12:00:00,ssp245,-19.33075,-14.920074,0.0
2035-12-28 12:00:00,ssp245,-20.633133,-17.853775,0.0
2035-12-29 12:00:00,ssp245,-21.06395,-19.496643,0.0
2035-12-30 12:00:00,ssp245,-22.313461,-15.969055,0.9808235
2035-12-31 12:00:00,ssp245,-17.024902,-15.233398,0.0
2035-01-01 12:00:00,ssp585,-22.521622,-20.756226,0.29780346
2035-01-02 12:00:00,ssp585,-23.384079,-15.471924,1.4716088
2035-01-03 12:00:00,ssp585,-17.858261,-11.944,0.89246523
2035-01-04 12:00:00,ssp585,-15.295715,-3.2893677,3.2955136
2035-01-05 12:00:00,ssp585,-4.7937927,-2.1716614,1.5851508
2035-01-06 12:00:00,ssp585,-6.7781677,-1.3522034,1.9672527
2035-01-07 12:00:00,ssp585,-7.232727,-3.339264,0.4502091
2035-01-08 12:00:00,ssp585,-11.604218,-4.771759,1.2080125
2035-01-09 12:00:00,ssp585,-10.489075,-4.477295,5.951664
2035-01-10 12:00:00,ssp585,-13.231049,-3.092682,0.047243018
2035-01-11 12:00:00,ssp585,-20.312592,-9.841583,0.0
2035-01-12 12:00:00,ssp585,-19.968704,-16.69046,0.278956
2035-01-13 12:00:00,ssp585,-21.603104,-18.07338,0.0
2035-01-14 12:00:00,ssp585,-23.944855,-19.782593,0.0063925018
2035-01-15 12:00:00,ssp585,-24.409607,-22.126587,0.0007174915
2035-01-16 12:00:00,ssp585,-25.51921,-22.799072,0.0
2035-01-17 12:00:00,ssp585,-25.615753,-22.68576,0.035751227
2035-01-18 12:00:00,ssp585,-23.574142,-19.41069,0.0
2035-01-19 12:00:00,ssp585,-21.654022,-15.668152,0.97285473
2035-01-20 12:00:00,ssp585,-19.555878,-16.014648,0.6936642
2035-01-21 12:00:00,ssp585,-22.551437,-18.310028,0.0
2035-01-22 12:00:00,ssp585,-24.697266,-21.058563,0.0
2035-01-23 12:00:00,ssp585,-25.797638,-23.32283,0.038751204
2035-01-24 12:00:00,ssp585,-24.85263,-23.068329,0.0
2035-01-25 12:00:00,ssp585,-25.089767,-22.265305,0.0
2035-01-26 12:00:00,ssp585,-23.64235,-21.067963,0.0
2035-01-27 12:00:00,ssp585,-22.620544,-21.024872,0.0
2035-01-28 12:00:00,ssp585,-22.381332,-21.280334,0.0
2035-01-29 12:00:00,ssp585,-22.9198,-19.889359,0.7746159
2035-01-30 12:00:00,ssp585,-24.84697,-4.191101,4.1129317
2035-01-31 12:00:00,ssp585,-8.351746,-3.7055664,1.8981143
2035-02-01 12:00:00,ssp585,-7.2176514,0.4461975,5.2601123
2035-02-02 12:00:00,ssp585,-3.794403,1.9516602,5.156225
2035-02-03 12:00:00,ssp585,-4.9606934,1.9797058,1.5341961
2035-02-04 12:00:00,ssp585,-1.8132019,0.04360962,1.5845288
2035-02-05 12:00:00,ssp585,-2.4859924,0.6705322,4.1207256
2035-02-06 12:00:00,ssp585,-3.204712,1.7799988,2.708749
2035-02-07 12:00:00,ssp585,-2.0322266,1.8520203,3.1529067
2035-02-08 12:00:00,ssp585,-2.203949,1.0661926,3.840417
2035-02-09 12:00:00,ssp585,-2.4002075,1.6686096,0.65084046
2035-02-10 12:00:00,ssp585,-4.1171265,1.5627136,1.9838032
2035-02-11 12:00:00,ssp585,-6.8615417,2.5072632,7.146396
2035-02-12 12:00:00,ssp585,-14.070343,3.6117554,7.473363
2035-02-13 12:00:00,ssp585,-4.7858887,-1.9413147,1.5503999
2035-02-14 12:00:00,ssp585,-16.630035,-2.7005615,0.0
2035-02-15 12:00:00,ssp585,-15.850708,-4.342285,1.2685634
2035-02-16 12:00:00,ssp585,-7.4745483,-2.8321838,8.8764515
2035-02-17 12:00:00,ssp585,-20.66124,-2.9007874,0.83467114
2035-02-18 12:00:00,ssp585,-17.656342,-9.24115,0.12810779
2035-02-19 12:00:00,ssp585,-13.370117,-4.270752,1.9374117
2035-02-20 12:00:00,ssp585,-11.540497,0.8236389,7.0503407
2035-02-21 12:00:00,ssp585,-3.6663513,0.94818115,3.9712665
2035-02-22 12:00:00,ssp585,-7.945099,3.2720642,7.3052864
2035-02-23 12:00:00,ssp585,0.35247803,3.1905518,5.118782
2035-02-24 12:00:00,ssp585,0.46813965,2.8989563,4.784206
2035-02-25 12:00:00,ssp585,-3.7088013,2.2868347,2.4241168
2035-02-26 12:00:00,ssp585,-3.8295288,0.8578491,6.103145
2035-02-27 12:00:00,ssp585,-6.082306,0.26867676,6.770839
2035-02-28 12:00:00,ssp585,-6.766693,0.96936035,6.5068007
2035-03-01 12:00:00,ssp585,-19.962662,-3.6679077,0.6148034
2035-03-02 12:00:00,ssp585,-22.669998,-14.233856,0.0
2035-03-03 12:00:00,ssp585,-23.212418,-20.106796,0.0
2035-03-04 12:00:00,ssp585,-21.547424,-12.3611145,0.0
2035-03-05 12:00:00,ssp585,-22.552536,-13.443573,0.0
2035-03-06 12:00:00,ssp585,-25.293106,-21.304749,0.0
2035-03-07 12:00:00,ssp585,-24.993408,-21.627335,0.0
2035-03-08 12:00:00,ssp585,-24.184586,-17.129456,0.0
2035-03-09 12:00:00,ssp585,-17.525269,-13.841797,0.0
2035-03-10 12:00:00,ssp585,-16.668854,-10.596252,0.0
2035-03-11 12:00:00,ssp585,-23.47815,-11.3461,0.58077806
2035-03-12 12:00:00,ssp585,-26.309128,-21.825256,0.0
2035-03-13 12:00:00,ssp585,-25.910767,-22.04277,0.0
2035-03-14 12:00:00,ssp585,-25.21016,-21.948517,0.0
2035-03-15 12:00:00,ssp585,-25.5195,-21.010437,0.50778913
2035-03-16 12:00:00,ssp585,-22.419556,-11.547028,2.832496
2035-03-17 12:00:00,ssp585,-17.34082,-4.1735535,5.7111516
2035-03-18 12:00:00,ssp585,-7.871277,-1.6205444,4.130945
2035-03-19 12:00:00,ssp585,-3.8327637,-0.7440491,1.998275
2035-03-20 12:00:00,ssp585,-6.7607727,-1.5142517,1.1130354
2035-03-21 12:00:00,ssp585,-5.2313232,-2.0605164,1.2579195
2035-03-22 12:00:00,ssp585,-4.588257,-2.0671082,1.1799529
2035-03-23 12:00:00,ssp585,-11.785309,-2.2227478,8.133001
2035-03-24 12:00:00,ssp585,-25.11531,-7.7865295,0.20262067
2035-03-25 12:00:00,ssp585,-23.43129,-16.03183,0.15162504
2035-03-26 12:00:00,ssp585,-18.46434,-10.843536,0.0
2035-03-27 12:00:00,ssp585,-13.086182,-9.345001,0.09220407
2035-03-28 12:00:00,ssp585,-13.851471,-7.5726013,1.6825688
2035-03-29 12:00:00,ssp585,-26.513245,-13.879761,0.35244623
2035-03-30 12:00:00,ssp585,-28.211533,-21.246338,0.1453274
2035-03-31 12:00:00,ssp585,-31.955292,-25.137558,0.14703184
2035-04-01 12:00:00,ssp585,-34.575516,-23.199005,0.0
2035-04-02 12:00:00,ssp585,-25.078735,-16.75418,0.12518698
2035-04-03 12:00:00,ssp585,-19.135086,-13.70462,0.0
2035-04-04 12:00:00,ssp585,-20.164597,-14.4045105,0.0
2035-04-05 12:00:00,ssp585,-21.908844,-14.753967,0.0
2035-04-06 12:00:00,ssp585,-24.634918,-16.860474,0.69420624
2035-04-07 12:00:00,ssp585,-27.241852,-17.383575,0.0
2035-04-08 12:00:00,ssp585,-25.196793,-14.688507,0.14326906
2035-04-09 12:00:00,ssp585,-27.166,-16.301483,1.3333366
2035-04-10 12:00:00,ssp585,-21.226425,-15.624634,5.0850935
2035-04-11 12:00:00,ssp585,-22.433609,-18.152023,5.988887
2035-04-12 12:00:00,ssp585,-18.437698,-13.107178,3.1117766
2035-04-13 12:00:00,ssp585,-18.319,-10.441742,1.2593895
2035-04-14 12:00:00,ssp585,-21.735245,-11.193115,1.0343353
2035-04-15 12:00:00,ssp585,-15.015808,-9.450317,1.903297
2035-04-16 12:00:00,ssp585,-16.737152,-10.024353,0.14419268
2035-04-17 12:00:00,ssp585,-15.578247,-8.726044,0.0
2035-04-18 12:00:00,ssp585,-15.226471,-9.709808,0.0
2035-04-19 12:00:00,ssp585,-16.774567,-7.4234314,0.0
2035-04-20 12:00:00,ssp585,-15.991364,-8.227112,0.0
2035-04-21 12:00:00,ssp585,-18.883972,-11.481995,0.0
2035-04-22 12:00:00,ssp585,-19.793411,-10.011658,0.0
2035-04-23 12:00:00,ssp585,-15.517944,-9.862976,1.1931465
2035-04-24 12:00:00,ssp585,-15.61618,-10.288605,1.2262127
2035-04-25 12:00:00,ssp585,-20.708557,-10.753143,0.0
2035-04-26 12:00:00,ssp585,-14.932739,-8.052582,0.0
2035-04-27 12:00:00,ssp585,-17.302994,-10.245148,0.0
2035-04-28 12:00:00,ssp585,-18.944412,-7.5927734,0.0
2035-04-29 12:00:00,ssp585,-15.096649,-4.8463745,0.082666196
2035-04-30 12:00:00,ssp585,-7.0302124,-3.9399414,0.0
2035-05-01 12:00:00,ssp585,-7.8887024,-4.5013123,0.0
2035-05-02 12:00:00,ssp585,-8.192291,-3.3822327,0.0
2035-05-03 12:00:00,ssp585,-10.212311,-5.0011597,0.8415499
2035-05-04 12:00:00,ssp585,-8.246796,-4.2333984,0.0
2035-05-05 12:00:00,ssp585,-7.9345093,-3.553955,0.09053353
2035-05-06 12:00:00,ssp585,-7.587311,-2.9210815,0.96023935
2035-05-07 12:00:00,ssp585,-6.303528,-1.6876221,0.25784004
2035-05-08 12:00:00,ssp585,-4.1723022,-0.82128906,0.0
2035-05-09 12:00:00,ssp585,-4.3623047,-1.0895386,0.0
2035-05-10 12:00:00,ssp585,-3.04245,-0.9630432,2.1466932
2035-05-11 12:00:00,ssp585,-3.40802,-1.01474,1.1434112
2035-05-12 12:00:00,ssp585,-3.9583435,-1.0317078,0.10329737
2035-05-13 12:00:00,ssp585,-4.290924,-0.7103882,1.6321665
2035-05-14 12:00:00,ssp585,-2.4840393,0.25930786,5.1088214
2035-05-15 12:00:00,ssp585,-4.5976257,0.0713501,0.29430825
2035-05-16 12:00:00,ssp585,-5.1976013,-1.6339417,0.0
2035-05-17 12:00:00,ssp585,-4.104492,0.45535278,4.904273
2035-05-18 12:00:00,ssp585,-2.2721863,0.71139526,1.2114227
2035-05-19 12:00:00,ssp585,-1.1318359,1.4191589,4.087011
2035-05-20 12:00:00,ssp585,-1.7841187,1.2295837,1.0838481
2035-05-21 12:00:00,ssp585,-2.1898804,0.98516846,5.0925555
2035-05-22 12:00:00,ssp585,-3.1976013,1.0331726,0.0
2035-05-23 12:00:00,ssp585,-2.71286,1.1681824,0.7406975
2035-05-24 12:00:00,ssp585,0.40475464,1.9166565,0.0506592
2035-05-25 12:00:00,ssp585,0.6777954,1.8499756,0.42535454
2035-05-26 12:00:00,ssp585,-0.18603516,2.2806702,0.0
2035-05-27 12:00:00,ssp585,-0.6159973,1.0624695,0.036950357
2035-05-28 12:00:00,ssp585,-0.835968,1.6286011,0.18236624
2035-05-29 12:00:00,ssp585,-3.3326416,1.7104187,3.8342628
2035-05-30 12:00:00,ssp585,-3.9101868,-0.3718567,0.053729333
2035-05-31 12:00:00,ssp585,-3.0366821,-1.6116028,0.0067069926
2035-06-01 12:00:00,ssp585,-3.2986145,-1.0893555,0.0
2035-06-02 12:00:00,ssp585,-3.0158997,-1.194458,0.0
2035-06-03 12:00:00,ssp585,-3.3527222,-0.7808533,0.0
2035-06-04 12:00:00,ssp585,-2.3966064,-0.6977844,0.0
2035-06-05 12:00:00,ssp585,-2.439087,0.18377686,0.0
2035-06-06 12:00:00,ssp585,-1.5368347,2.5646057,0.0
2035-06-07 12:00:00,ssp585,-0.2246399,3.939911,0.007832756
2035-06-08 12:00:00,ssp585,-1.4161072,4.367401,3.3574765
2035-06-09 12:00:00,ssp585,-1.105011,2.9048157,0.0
2035-06-10 12:00:00,ssp585,-2.9773865,4.849579,0.0
2035-06-11 12:00:00,ssp585,-0.35385132,4.0534363,4.2430797
2035-06-12 12:00:00,ssp585,-1.5472107,5.2447205,1.8445581
2035-06-13 12:00:00,ssp585,-1.7124939,5.2338867,4.484913
2035-06-14 12:00:00,ssp585,-3.5749512,5.3586426,0.0
2035-06-15 12:00:00,ssp585,-0.003326416,5.269806,0.51327497
2035-06-16 12:00:00,ssp585,0.15661621,4.13678,1.0221624
2035-06-17 12:00:00,ssp585,0.1937561,3.0245056,1.8620437
2035-06-18 12:00:00,ssp585,-0.07241821,2.85495,0.90553313
2035-06-19 12:00:00,ssp585,0.087646484,2.909607,0.0
2035-06-20 12:00:00,ssp585,0.20449829,2.9339294,0.0
2035-06-21 12:00:00,ssp585,-0.124420166,4.037567,0.0
2035-06-22 12:00:00,ssp585,0.51623535,4.794739,0.0769497
2035-06-23 12:00:00,ssp585,1.9136658,5.645569,0.33442074
2035-06-24 12:00:00,ssp585,1.8626404,5.6048584,0.0
2035-06-25 12:00:00,ssp585,0.95983887,6.1904297,0.48040915
2035-06-26 12:00:00,ssp585,2.686615,6.9493103,0.0
2035-06-27 12:00:00,ssp585,2.8026428,5.771057,0.6817587
2035-06-28 12:00:00,ssp585,2.8031006,5.355316,4.291203
2035-06-29 12:00:00,ssp585,1.3056335,6.36911,6.94526
2035-06-30 12:00:00,ssp585,2.980072,5.6834717,0.8208497
2035-07-01 12:00:00,ssp585,2.7575684,5.2311096,0.5705934
2035-07-02 12:00:00,ssp585,1.9976196,5.256714,0.009097294
2035-07-03 12:00:00,ssp585,1.9950256,6.0833435,0.014658903
2035-07-04 12:00:00,ssp585,2.3233337,6.117035,0.0
2035-07-05 12:00:00,ssp585,2.6712952,4.4281616,0.0
2035-07-06 12:00:00,ssp585,1.3839417,5.907898,0.9561027
2035-07-07 12:00:00,ssp585,3.8709106,6.530731,2.0152042
2035-07-08 12:00:00,ssp585,2.7123718,7.1086426,1.3574655
2035-07-09 12:00:00,ssp585,4.1875305,7.2187805,10.019124
2035-07-10 12:00:00,ssp585,0.3540039,6.756653,1.8548363
2035-07-11 12:00:00,ssp585,0.23233032,3.5197754,0.07627858
2035-07-12 12:00:00,ssp585,-0.25650024,2.5645142,0.07725787
2035-07-13 12:00:00,ssp585,0.34960938,2.8065796,0.53693235
2035-07-14 12:00:00,ssp585,0.7826538,4.609375,0.31451875
2035-07-15 12:00:00,ssp585,1.6401672,5.039215,0.03367781
2035-07-16 12:00:00,ssp585,1.6575012,6.029999,0.0
2035-07-17 12:00:00,ssp585,1.3299866,8.125977,1.8332862
2035-07-18 12:00:00,ssp585,2.69693,5.8986816,3.5487018
2035-07-19 12:00:00,ssp585,1.9412537,7.7768555,1.4094969
2035-07-20 12:00:00,ssp585,2.9004211,7.5059204,0.06393488
2035-07-21 12:00:00,ssp585,3.2512512,5.931549,0.0
2035-07-22 12:00:00,ssp585,0.632843,7.647339,0.0
2035-07-23 12:00:00,ssp585,3.5644226,9.107849,0.0
2035-07-24 12:00:00,ssp585,1.5641785,11.205841,0.0
2035-07-25 12:00:00,ssp585,5.6580505,11.099335,0.0
2035-07-26 12:00:00,ssp585,0.67575073,9.104584,0.0
2035-07-27 12:00:00,ssp585,2.6177368,5.4581604,0.03306767
2035-07-28 12:00:00,ssp585,1.2871399,7.2929077,0.0
2035-07-29 12:00:00,ssp585,0.31329346,6.80307,0.016049486
2035-07-30 12:00:00,ssp585,1.2133179,5.6583557,0.8769629
2035-07-31 12:00:00,ssp585,2.5329285,6.6304626,0.60841393
2035-08-01 12:00:00,ssp585,3.7729797,7.9732056,0.4380869
2035-08-02 12:00:00,ssp585,4.9689026,9.081787,0.93422616
2035-08-03 12:00:00,ssp585,4.877075,8.272583,3.7717838
2035-08-04 12:00:00,ssp585,5.3656006,7.4622803,2.1950579
2035-08-05 12:00:00,ssp585,5.144623,6.9374695,3.9438019
2035-08-06 12:00:00,ssp585,5.0169983,6.755066,2.7549837
2035-08-07 12:00:00,ssp585,3.3335876,7.1150513,0.0
2035-08-08 12:00:00,ssp585,2.7668762,5.9377136,11.643587
2035-08-09 12:00:00,ssp585,1.7956543,6.8910217,1.9372684
2035-08-10 12:00:00,ssp585,3.8763733,6.494232,0.0
2035-08-11 12:00:00,ssp585,4.715393,6.5431213,0.48800606
2035-08-12 12:00:00,ssp585,4.779785,6.86322,3.8460753
2035-08-13 12:00:00,ssp585,4.5891724,6.8282166,7.4012976
2035-08-14 12:00:00,ssp585,3.2790833,6.4825134,0.9654302
2035-08-15 12:00:00,ssp585,3.468567,5.6567383,0.75470054
2035-08-16 12:00:00,ssp585,3.0372925,6.0109863,5.839375
2035-08-17 12:00:00,ssp585,2.822937,7.660553,1.5428238
2035-08-18 12:00:00,ssp585,4.1731873,7.0606384,5.4264474
2035-08-19 12:00:00,ssp585,3.174408,6.8716125,4.5170927
2035-08-20 12:00:00,ssp585,2.4855347,7.066284,1.0387276
2035-08-21 12:00:00,ssp585,1.6955566,5.2561035,0.0
2035-08-22 12:00:00,ssp585,0.33898926,5.3196106,0.005213087
2035-08-23 12:00:00,ssp585,1.4778442,6.215851,0.0
2035-08-24 12:00:00,ssp585,3.1884155,5.9878845,2.4102113
2035-08-25 12:00:00,ssp585,2.8200989,7.1565857,0.015353572
2035-08-26 12:00:00,ssp585,3.4932861,6.4482117,0.97274816
2035-08-27 12:00:00,ssp585,3.5507812,6.0150146,1.588484
2035-08-28 12:00:00,ssp585,1.8044434,6.261688,0.0
2035-08-29 12:00:00,ssp585,-0.038269043,4.584198,0.0
2035-08-30 12:00:00,ssp585,0.26474,3.7787476,0.74668473
2035-08-31 12:00:00,ssp585,0.1267395,5.4867554,0.5079103
2035-09-01 12:00:00,ssp585,3.0160217,4.9554443,4.8648524
2035-09-02 12:00:00,ssp585,2.2878418,7.0534363,0.6924979
2035-09-03 12:00:00,ssp585,4.297943,5.829529,12.160616
2035-09-04 12:00:00,ssp585,2.9360657,6.9331055,2.657735
2035-09-05 12:00:00,ssp585,4.1056213,5.8545837,4.112596
2035-09-06 12:00:00,ssp585,2.895813,6.0073547,3.0799544
2035-09-07 12:00:00,ssp585,2.9821472,5.2447205,0.4851975
2035-09-08 12:00:00,ssp585,2.4339294,5.76297,1.6464705
2035-09-09 12:00:00,ssp585,1.4413452,6.318634,7.894578
2035-09-10 12:00:00,ssp585,1.6418457,5.5663757,15.459093
2035-09-11 12:00:00,ssp585,-1.7360535,5.9319153,7.568156
2035-09-12 12:00:00,ssp585,-0.29071045,3.0439148,11.411177
2035-09-13 12:00:00,ssp585,1.4771729,5.0542603,15.109295
2035-09-14 12:00:00,ssp585,0.55548096,3.7254944,2.1997051
2035-09-15 12:00:00,ssp585,0.8523865,2.7253723,0.7456545
2035-09-16 12:00:00,ssp585,0.8514099,2.8602295,0.24246253
2035-09-17 12:00:00,ssp585,0.8685303,1.9767761,0.025189035
2035-09-18 12:00:00,ssp585,0.56259155,1.9877625,0.0
2035-09-19 12:00:00,ssp585,0.8746948,1.6550903,0.0
2035-09-20 12:00:00,ssp585,0.691803,1.3514099,0.0
2035-09-21 12:00:00,ssp585,0.20150757,1.379425,0.0
2035-09-22 12:00:00,ssp585,-1.6758118,0.807312,0.42816904
2035-09-23 12:00:00,ssp585,-2.9979858,0.40838623,0.09394103
2035-09-24 12:00:00,ssp585,-0.6546936,1.6844482,6.0335283
2035-09-25 12:00:00,ssp585,0.9326477,2.077362,3.7183228
2035-09-26 12:00:00,ssp585,-0.9062805,1.7067261,4.485104
2035-09-27 12:00:00,ssp585,-4.1115723,0.20452881,2.50134
2035-09-28 12:00:00,ssp585,-7.7674866,-2.08844,0.0
2035-09-29 12:00:00,ssp585,-7.3995667,-3.2002563,0.0
2035-09-30 12:00:00,ssp585,-9.582489,-2.6401062,0.0011621176
2035-10-01 12:00:00,ssp585,-5.318451,2.9792175,9.450566
2035-10-02 12:00:00,ssp585,1.691803,3.3269043,3.2717721
2035-10-03 12:00:00,ssp585,-1.6715088,2.9985962,5.419531
2035-10-04 12:00:00,ssp585,-0.40197754,1.6325378,1.278543
2035-10-05 12:00:00,ssp585,-6.215027,0.5744324,0.46487662
2035-10-06 12:00:00,ssp585,-3.8070984,-1.3748779,0.0
2035-10-07 12:00:00,ssp585,-6.2941895,2.6366882,2.2863264
2035-10-08 12:00:00,ssp585,1.9852905,3.0611877,3.365588
2035-10-09 12:00:00,ssp585,2.1914673,3.0784607,4.516198
2035-10-10 12:00:00,ssp585,-4.061249,2.9536438,1.6383812
2035-10-11 12:00:00,ssp585,-2.3520203,0.21832275,0.054111496
2035-10-12 12:00:00,ssp585,-1.7918091,0.7402954,0.26983076
2035-10-13 12:00:00,ssp585,-4.9697266,0.79067993,0.0
2035-10-14 12:00:00,ssp585,-5.388611,0.4717102,1.302375
2035-10-15 12:00:00,ssp585,-1.6149597,2.2696228,4.5289826
2035-10-16 12:00:00,ssp585,1.6398926,2.7506409,6.478516
2035-10-17 12:00:00,ssp585,1.1819763,2.6929016,1.7895643
2035-10-18 12:00:00,ssp585,-0.6926575,1.9022217,1.4887463
2035-10-19 12:00:00,ssp585,0.11141968,1.5005493,2.4331229
2035-10-20 12:00:00,ssp585,-2.75708,0.9803467,1.2559841
2035-10-21 12:00:00,ssp585,-6.0865173,-0.9066162,0.0
2035-10-22 12:00:00,ssp585,-5.769104,-3.6307983,0.006787781
2035-10-23 12:00:00,ssp585,-4.6139526,-3.532196,0.85556597
2035-10-24 12:00:00,ssp585,-6.382904,-0.71743774,1.7737695
2035-10-25 12:00:00,ssp585,-2.3515015,1.1734009,1.4334922
2035-10-26 12:00:00,ssp585,0.58291626,1.3111572,2.4655566
2035-10-27 12:00:00,ssp585,0.019012451,1.6734314,5.6821294
2035-10-28 12:00:00,ssp585,1.0192566,2.345459,6.7565484
2035-10-29 12:00:00,ssp585,1.8781128,2.4646301,5.5182805
2035-10-30 12:00:00,ssp585,-0.39523315,2.2052307,1.0045525
2035-10-31 12:00:00,ssp585,-3.1739197,1.0798035,0.0
2035-11-01 12:00:00,ssp585,-6.188629,0.69436646,5.046619
2035-11-02 12:00:00,ssp585,-0.9777527,2.5661316,8.591511
2035-11-03 12:00:00,ssp585,-1.1697693,2.5466614,1.9928463
2035-11-04 12:00:00,ssp585,-4.8382263,0.520813,0.03431359
2035-11-05 12:00:00,ssp585,-4.476959,-1.7145386,1.9948432
2035-11-06 12:00:00,ssp585,-3.2330017,-0.24179077,1.9953138
2035-11-07 12:00:00,ssp585,-1.6669312,-0.069244385,3.3211048
2035-11-08 12:00:00,ssp585,-3.1887207,-0.74346924,2.009695
2035-11-09 12:00:00,ssp585,-2.7612,-1.048706,1.3521242
2035-11-10 12:00:00,ssp585,-2.1523743,-0.017059326,1.5488089
2035-11-11 12:00:00,ssp585,-0.67736816,0.19522095,2.241001
2035-11-12 12:00:00,ssp585,-0.1675415,0.29260254,1.9008807
2035-11-13 12:00:00,ssp585,-0.08682251,0.6123352,6.282819
2035-11-14 12:00:00,ssp585,-4.340149,0.5553589,0.73287624
2035-11-15 12:00:00,ssp585,-2.8599854,-0.9142151,2.4087212
2035-11-16 12:00:00,ssp585,-6.6925354,-1.3996582,0.6955983
2035-11-17 12:00:00,ssp585,-7.508301,-1.5138245,1.0656048
2035-11-18 12:00:00,ssp585,-4.767334,0.51620483,2.9797635
2035-11-19 12:00:00,ssp585,-1.4889832,0.17227173,1.7344396
2035-11-20 12:00:00,ssp585,-2.1672974,-0.024414062,0.8873794
2035-11-21 12:00:00,ssp585,-1.7968445,0.617157,2.1187444
2035-11-22 12:00:00,ssp585,-4.6094666,-0.16699219,2.6870465
2035-11-23 12:00:00,ssp585,-2.9682617,1.5757446,4.4355245
2035-11-24 12:00:00,ssp585,0.018218994,2.2885437,6.1666117
2035-11-25 12:00:00,ssp585,0.11087036,1.9853821,2.6964195
2035-11-26 12:00:00,ssp585,0.010894775,1.5693665,2.8537111
2035-11-27 12:00:00,ssp585,-1.9845886,0.792511,0.7696813
2035-11-28 12:00:00,ssp585,-2.9240723,-0.21600342,1.5299628
2035-11-29 12:00:00,ssp585,-3.2421265,-0.73046875,2.293453
2035-11-30 12:00:00,ssp585,-4.33432,-1.5958252,1.4171779
2035-12-01 12:00:00,ssp585,-8.368652,0.05218506,5.1095505
2035-12-02 12:00:00,ssp585,-2.280304,0.9009094,4.107327
2035-12-03 12:00:00,ssp585,-5.7733765,0.24057007,0.3608669
2035-12-04 12:00:00,ssp585,-6.0880127,-1.7779236,1.3465427
2035-12-05 12:00:00,ssp585,-4.701874,-3.164856,0.7787768
2035-12-06 12:00:00,ssp585,-6.3401184,-1.7834778,2.3706076
2035-12-07 12:00:00,ssp585,-4.9723206,-1.2549744,2.4256248
2035-12-08 12:00:00,ssp585,-5.3721924,-0.9194946,4.3354807
2035-12-09 12:00:00,ssp585,-9.135956,-0.8383484,0.12631615
2035-12-10 12:00:00,ssp585,-6.7105103,-3.2809753,1.1897585
2035-12-11 12:00:00,ssp585,-9.315918,-1.9314575,2.7860298
2035-12-12 12:00:00,ssp585,-5.343994,-0.66189575,5.8515267
2035-12-13 12:00:00,ssp585,-9.534943,-1.2472229,1.6868728
2035-12-14 12:00:00,ssp585,-6.025177,-1.6815186,1.5185571
2035-12-15 12:00:00,ssp585,-7.2201843,-1.9726562,1.5683599
2035-12-16 12:00:00,ssp585,-17.207474,-3.677124,0.08053964
2035-12-17 12:00:00,ssp585,-15.892059,-2.632019,4.48275
2035-12-18 12:00:00,ssp585,-11.783813,-2.52359,1.2495791
2035-12-19 12:00:00,ssp585,-11.3125,-5.5648804,1.0550319
2035-12-20 12:00:00,ssp585,-19.384354,-5.895996,0.0
2035-12-21 12:00:00,ssp585,-31.028748,0.14813232,11.105992
2035-12-22 12:00:00,ssp585,-8.187134,1.0245667,1.5819194
2035-12-23 12:00:00,ssp585,-6.976959,-0.9651184,4.3712626
2035-12-24 12:00:00,ssp585,-8.405151,-0.8446045,4.897848
2035-12-25 12:00:00,ssp585,-2.7162476,-0.1899414,1.4684255
2035-12-26 12:00:00,ssp585,-1.5441589,-0.0058288574,2.9442828
2035-12-27 12:00:00,ssp585,-5.5707703,0.51464844,2.0575864
2035-12-28 12:00:00,ssp585,-13.69046,-1.4584045,1.3938832
2035-12-29 12:00:00,ssp585,-11.591644,-5.988098,0.0
2035-12-30 12:00:00,ssp585,-12.36142,-7.5413513,0.104543805
2035-12-31 12:00:00,ssp585,-17.379257,-9.990845,0.0
